date;date_c;mesocosm_ID;fish;warming;binMid;binMin;binMax;biomass.L;binWidth;biomass.L.n;log10binMid;log10Biom;log10BiomNorm;tmean15;log10binMid.scaled
20/04/2021;28;1;SB;NW;2.32472086564697e-05;2.38418579101562e-07;4.62559987338378e-05;290.337748030303;4.60175801547362e-05;6309278.91153835;-4.63362918633829;2.4629035039526;6.79997972649691;13.1737355869414;-4.57565593409251
20/04/2021;28;1;SB;NW;0.00451023094857409;4.62559987338378e-05;0.00897420589841433;67.2200604;0.00892794989968049;7529.17087968937;-2.34580121929203;1.82749889836516;3.87674715386321;13.1737355869414;-2.28782796704626
20/04/2021;28;1;SB;NW;0.87503766624533;0.00897420589841433;1.74110112659224;1467.077253224;1.73212692069383;846.980227428336;-0.0579732522457746;3.16645298348577;2.92787327193756;13.1737355869414;0
20/04/2021;28;1;SB;NW;169.767563142226;1.74110112659224;337.794025157861;880.903256639836;336.052924031269;2.62132299303508;2.22985471480048;2.94492821554655;0.418520536952079;13.1737355869414;2.28782796704625
20/04/2021;28;1;SB;NW;32936.8970125789;337.794025157861;65536;1274.60852288714;65198.2059748421;0.0195497483991963;4.51768268184674;3.10537681813763;-1.70885882750309;13.1737355869414;4.57565593409251
20/04/2021;28;2;SB;W;2.32472086564697e-05;2.38418579101562e-07;4.62559987338378e-05;3431.69786002303;4.60175801547362e-05;74573627.0460939;-4.63362918633829;3.53550904389081;7.87258526643512;16.3983088677935;-4.57565593409251
20/04/2021;28;2;SB;W;0.00451023094857409;4.62559987338378e-05;0.00897420589841433;168.457722065455;0.00892794989968049;18868.5783363864;-2.34580121929203;2.22649092373833;4.27573917923637;16.3983088677935;-2.28782796704626
20/04/2021;28;2;SB;W;0.87503766624533;0.00897420589841433;1.74110112659224;613.512697238593;1.73212692069383;354.196156129738;-0.0579732522457746;2.78782355530034;2.54924384375213;16.3983088677935;0
20/04/2021;28;2;SB;W;169.767563142226;1.74110112659224;337.794025157861;1145.53963055081;336.052924031269;3.40880721051015;2.22985471480048;3.05901011843315;0.532602439838682;16.3983088677935;2.28782796704625
20/04/2021;28;2;SB;W;32936.8970125789;337.794025157861;65536;2156.051611382;65198.2059748421;0.033069186170766;4.51768268184674;3.33365915274389;-1.48057649289684;16.3983088677935;4.57565593409251
20/04/2021;28;3;LB;W;2.32472086564697e-05;2.38418579101562e-07;4.62559987338378e-05;923.903395692121;4.60175801547362e-05;20077183.3848163;-4.63362918633829;2.96562656330758;7.30270278585188;17.2043121092846;-4.57565593409251
20/04/2021;28;3;LB;W;0.00451023094857409;4.62559987338378e-05;0.00897420589841433;547.090868712727;0.00892794989968049;61278.4429639671;-2.34580121929203;2.73805946619262;4.78730772169067;17.2043121092846;-2.28782796704626
20/04/2021;28;3;LB;W;0.87503766624533;0.00897420589841433;1.74110112659224;254.133559097165;1.73212692069383;146.717631405075;-0.0579732522457746;2.4050620187236;2.16648230717539;17.2043121092846;0
20/04/2021;28;3;LB;W;169.767563142226;1.74110112659224;337.794025157861;1076.31169307261;336.052924031269;3.20280413025796;2.22985471480048;3.03193805848552;0.505530379891047;17.2043121092846;2.28782796704625
20/04/2021;28;3;LB;W;32936.8970125789;337.794025157861;65536;1773.00364629601;65198.2059748421;0.0271940557226399;4.51768268184674;3.24870962875637;-1.56552601688436;17.2043121092846;4.57565593409251
20/04/2021;28;4;LB;NW;2.32472086564697e-05;2.38418579101562e-07;4.62559987338378e-05;361.743925642424;4.60175801547362e-05;7860994.09021604;-4.63362918633829;2.5584012472351;6.8954774697794;13.7466438990507;-4.57565593409251
20/04/2021;28;4;LB;NW;0.00451023094857409;4.62559987338378e-05;0.00897420589841433;41.8383135418182;0.00892794989968049;4686.21733006314;-2.34580121929203;1.62157417026066;3.67082242575871;13.7466438990507;-2.28782796704626
20/04/2021;28;4;LB;NW;0.87503766624533;0.00897420589841433;1.74110112659224;817.597196776;1.73212692069383;472.019219266277;-0.0579732522457746;2.91253939376568;2.67395968221747;13.7466438990507;0
20/04/2021;28;4;LB;NW;169.767563142226;1.74110112659224;337.794025157861;1119.25184961511;336.052924031269;3.33058208864436;2.22985471480048;3.04892782074766;0.522520142153193;13.7466438990507;2.28782796704625
20/04/2021;28;4;LB;NW;32936.8970125789;337.794025157861;65536;3275.21320986141;65198.2059748421;0.0502347136840729;4.51768268184674;3.51523957695447;-1.29899606868626;13.7466438990507;4.57565593409251
20/04/2021;28;5;NF;NW;2.32472086564697e-05;2.38418579101562e-07;4.62559987338378e-05;985.980236448485;4.60175801547362e-05;21426164.3731174;-4.63362918633829;2.99386820978159;7.33094443232589;12.993489465154;-4.57565593409251
20/04/2021;28;5;NF;NW;0.00451023094857409;4.62559987338378e-05;0.00897420589841433;120.602367190303;0.00892794989968049;13508.4054621116;-2.34580121929203;2.08135583224523;4.13060408774328;12.993489465154;-2.28782796704626
20/04/2021;28;5;NF;NW;0.87503766624533;0.00897420589841433;1.74110112659224;399.995225635671;1.73212692069383;230.927203345727;-0.0579732522457746;2.60205480759682;2.36347509604861;12.993489465154;0
20/04/2021;28;5;NF;NW;169.767563142226;1.74110112659224;337.794025157861;630.239743292215;336.052924031269;1.87541812084805;2.22985471480048;2.79950578656929;0.273098107974817;12.993489465154;2.28782796704625
20/04/2021;28;5;NF;NW;32936.8970125789;337.794025157861;65536;679.298249154724;65198.2059748421;0.0104189714885229;4.51768268184674;2.83206049522753;-1.9821751504132;12.993489465154;4.57565593409251
20/04/2021;28;6;NF;W;2.32472086564697e-05;2.38418579101562e-07;4.62559987338378e-05;777.012448089697;4.60175801547362e-05;16885121.8485839;-4.63362918633829;2.89042797645003;7.22750419899433;16.5281083584163;-4.57565593409251
20/04/2021;28;6;NF;W;0.00451023094857409;4.62559987338378e-05;0.00897420589841433;69.22554008;0.00892794989968049;7753.80024057677;-2.34580121929203;1.84026635268556;3.88951460818361;16.5281083584163;-2.28782796704626
20/04/2021;28;6;NF;W;0.87503766624533;0.00897420589841433;1.74110112659224;717.53976308253;1.73212692069383;414.253571438697;-0.0579732522457746;2.85584597287479;2.61726626132658;16.5281083584163;0
20/04/2021;28;6;NF;W;169.767563142226;1.74110112659224;337.794025157861;955.201073404722;336.052924031269;2.8424126234231;2.22985471480048;2.98009480182286;0.453687123228394;16.5281083584163;2.28782796704625
20/04/2021;28;6;NF;W;32936.8970125789;337.794025157861;65536;173.803828872748;65198.2059748421;0.00266577624758285;4.51768268184674;2.2400593396615;-2.57417630597923;16.5281083584163;4.57565593409251
20/04/2021;28;7;NF;NW;2.32472086564697e-05;2.38418579101562e-07;4.62559987338378e-05;43.3377454109091;4.60175801547362e-05;941764.979062;-4.63362918633829;1.63686631397341;5.97394253651771;13.2397066450567;-4.57565593409251
20/04/2021;28;7;NF;NW;0.00451023094857409;4.62559987338378e-05;0.00897420589841433;3.66035322181818;0.00892794989968049;409.988100621978;-2.34580121929203;0.563522996565086;2.61277125206313;13.2397066450567;-2.28782796704626
20/04/2021;28;7;NF;NW;0.87503766624533;0.00897420589841433;1.74110112659224;1072.398452336;1.73212692069383;619.122328464497;-0.0579732522457746;3.03035617854618;2.79177646699797;13.2397066450567;0
20/04/2021;28;7;NF;NW;169.767563142226;1.74110112659224;337.794025157861;1034.37388553067;336.052924031269;3.07800888360794;2.22985471480048;3.01467754753253;0.488269868938065;13.2397066450567;2.28782796704625
20/04/2021;28;7;NF;NW;32936.8970125789;337.794025157861;65536;1493.61378979095;65198.2059748421;0.0229088173126617;4.51768268184674;3.17423831458381;-1.63999733105692;13.2397066450567;4.57565593409251
20/04/2021;28;8;NF;W;2.32472086564697e-05;2.38418579101562e-07;4.62559987338378e-05;1883.32286632485;4.60175801547362e-05;40926160.3933125;-4.63362918633829;3.27492477941305;7.61200100195736;16.2985123871266;-4.57565593409251
20/04/2021;28;8;NF;W;0.00451023094857409;4.62559987338378e-05;0.00897420589841433;84.1469372363636;0.00892794989968049;9425.11306424054;-2.34580121929203;1.92503831323456;3.9742865687326;16.2985123871266;-2.28782796704626
20/04/2021;28;8;NF;W;0.87503766624533;0.00897420589841433;1.74110112659224;395.624237840642;1.73212692069383;228.403723257283;-0.0579732522457746;2.5972828907057;2.35870317915749;16.2985123871266;0
20/04/2021;28;8;NF;W;169.767563142226;1.74110112659224;337.794025157861;1160.11187135713;336.052924031269;3.45217014463231;2.22985471480048;3.06449987092558;0.538092192331107;16.2985123871266;2.28782796704625
20/04/2021;28;8;NF;W;32936.8970125789;337.794025157861;65536;1785.83886653231;65198.2059748421;0.0273909203455906;4.51768268184674;3.25184227060357;-1.56239337503716;16.2985123871266;4.57565593409251
20/04/2021;28;9;LB;NW;2.32472086564697e-05;2.38418579101562e-07;4.62559987338378e-05;155.674372506061;4.60175801547362e-05;3382932.60928972;-4.63362918633829;2.19221712383808;6.52929334638239;13.0975698078259;-4.57565593409251
20/04/2021;28;9;LB;NW;0.00451023094857409;4.62559987338378e-05;0.00897420589841433;106.790361025455;0.00892794989968049;11961.3530794204;-2.34580121929203;2.02853205473024;4.07778031022829;13.0975698078259;-2.28782796704626
20/04/2021;28;9;LB;NW;0.87503766624533;0.00897420589841433;1.74110112659224;299.0574968732;1.73212692069383;172.653339256114;-0.0579732522457746;2.47575469392369;2.23717498237548;13.0975698078259;0
20/04/2021;28;9;LB;NW;169.767563142226;1.74110112659224;337.794025157861;1405.23736614718;336.052924031269;4.18159541446641;2.22985471480048;3.1477496894375;0.621342010843035;13.0975698078259;2.28782796704625
20/04/2021;28;9;LB;NW;32936.8970125789;337.794025157861;65536;741.302016936124;65198.2059748421;0.0113699756895484;4.51768268184674;2.86999518175271;-1.94424046388801;13.0975698078259;4.57565593409251
20/04/2021;28;10;SB;W;2.32472086564697e-05;2.38418579101562e-07;4.62559987338378e-05;579.936938621818;4.60175801547362e-05;12602508.3603213;-4.63362918633829;2.76338077167064;7.10045699421494;16.1749967585089;-4.57565593409251
20/04/2021;28;10;SB;W;0.00451023094857409;4.62559987338378e-05;0.00897420589841433;192.224414589091;0.00892794989968049;21530.633207963;-2.34580121929203;2.28380854695342;4.33305680245147;16.1749967585089;-2.28782796704626
20/04/2021;28;10;SB;W;0.87503766624533;0.00897420589841433;1.74110112659224;1119.08993774456;1.73212692069383;646.078485574428;-0.0579732522457746;3.04886499081485;2.81028527926664;16.1749967585089;0
20/04/2021;28;10;SB;W;169.767563142226;1.74110112659224;337.794025157861;1150.87687342167;336.052924031269;3.42468936028238;2.22985471480048;3.06102886311384;0.534621184519374;16.1749967585089;2.28782796704625
20/04/2021;28;10;SB;W;32936.8970125789;337.794025157861;65536;3177.53738393218;65198.2059748421;0.0487365769720457;4.51768268184674;3.50209066875868;-1.31214497688204;16.1749967585089;4.57565593409251
20/04/2021;28;11;LB;W;2.32472086564697e-05;2.38418579101562e-07;4.62559987338378e-05;2454.13183165455;4.60175801547362e-05;53330310.359702;-4.63362918633829;3.38989788855492;7.72697411109922;16.859913405881;-4.57565593409251
20/04/2021;28;11;LB;W;0.00451023094857409;4.62559987338378e-05;0.00897420589841433;62.6021199381818;0.00892794989968049;7011.92554187857;-2.34580121929203;1.79658904026898;3.84583729576703;16.859913405881;-2.28782796704626
20/04/2021;28;11;LB;W;0.87503766624533;0.00897420589841433;1.74110112659224;681.1016877866;1.73212692069383;393.216963289143;-0.0579732522457746;2.83321195647626;2.59463224492805;16.859913405881;0
20/04/2021;28;11;LB;W;169.767563142226;1.74110112659224;337.794025157861;1004.65971458725;336.052924031269;2.98958777842317;2.22985471480048;3.00201898802321;0.475611309428741;16.859913405881;2.28782796704625
20/04/2021;28;11;LB;W;32936.8970125789;337.794025157861;65536;329.390884069883;65198.2059748421;0.00505214643784806;4.51768268184674;2.51771157585095;-2.29652406978978;16.859913405881;4.57565593409251
20/04/2021;28;12;SB;NW;2.32472086564697e-05;2.38418579101562e-07;4.62559987338378e-05;629.237532654545;4.60175801547362e-05;13673850.961713;-4.63362918633829;2.79881461944809;7.1358908419924;13.0528411669368;-4.57565593409251
20/04/2021;28;12;SB;NW;0.00451023094857409;4.62559987338378e-05;0.00897420589841433;47.6224292363636;0.00892794989968049;5334.08338660905;-2.34580121929203;1.67781154514361;3.72705980064165;13.0528411669368;-2.28782796704626
20/04/2021;28;12;SB;NW;0.87503766624533;0.00897420589841433;1.74110112659224;753.226717248;1.73212692069383;434.856538657274;-0.0579732522457746;2.87692571621397;2.63834600466576;13.0528411669368;0
20/04/2021;28;12;SB;NW;169.767563142226;1.74110112659224;337.794025157861;1366.91411172438;336.052924031269;4.06755607220127;2.22985471480048;3.13574122709451;0.609333548500046;13.0528411669368;2.28782796704625
20/04/2021;28;12;SB;NW;32936.8970125789;337.794025157861;65536;933.934189710033;65198.2059748421;0.0143245381639858;4.51768268184674;2.97031627446055;-1.84391937118017;13.0528411669368;4.57565593409251
20/04/2021;28;13;LB;W;2.32472086564697e-05;2.38418579101562e-07;4.62559987338378e-05;9846.00721122545;4.60175801547362e-05;213961863.66423;-4.63362918633829;3.99326014951456;8.33033637205887;16.6737272516786;-4.57565593409251
20/04/2021;28;13;LB;W;0.00451023094857409;4.62559987338378e-05;0.00897420589841433;62.6116879490909;0.00892794989968049;7012.99723370218;-2.34580121929203;1.79665541209201;3.84590366759005;16.6737272516786;-2.28782796704626
20/04/2021;28;13;LB;W;0.87503766624533;0.00897420589841433;1.74110112659224;797.5789359248;1.73212692069383;460.462178836941;-0.0579732522457746;2.90177367572935;2.66319396418114;16.6737272516786;0
20/04/2021;28;13;LB;W;169.767563142226;1.74110112659224;337.794025157861;1515.41869429169;336.052924031269;4.50946439064665;2.22985471480048;3.18053264042802;0.654124961833556;16.6737272516786;2.28782796704625
20/04/2021;28;13;LB;W;32936.8970125789;337.794025157861;65536;1742.11476490538;65198.2059748421;0.0267202868369968;4.51768268184674;3.24107676153466;-1.57315888410606;16.6737272516786;4.57565593409251
20/04/2021;28;14;SB;NW;2.32472086564697e-05;2.38418579101562e-07;4.62559987338378e-05;1645.61007097576;4.60175801547362e-05;35760465.1405467;-4.63362918633829;3.21632693653536;7.55340315907967;13.2635038203288;-4.57565593409251
20/04/2021;28;14;SB;NW;0.00451023094857409;4.62559987338378e-05;0.00897420589841433;27.10186448;0.00892794989968049;3035.62013502897;-2.34580121929203;1.43299916930695;3.482247424805;13.2635038203288;-2.28782796704626
20/04/2021;28;14;SB;NW;0.87503766624533;0.00897420589841433;1.74110112659224;304.072430032;1.73212692069383;175.548585036829;-0.0579732522457746;2.48297704484731;2.2443973332991;13.2635038203288;0
20/04/2021;28;14;SB;NW;169.767563142226;1.74110112659224;337.794025157861;863.957775002576;336.052924031269;2.57089795452036;2.22985471480048;2.9364925173267;0.410084838732227;13.2635038203288;2.28782796704625
20/04/2021;28;14;SB;NW;32936.8970125789;337.794025157861;65536;2397.57456991375;65198.2059748421;0.0367736279559424;4.51768268184674;3.37977212357927;-1.43446352206146;13.2635038203288;4.57565593409251
20/04/2021;28;15;SB;W;2.32472086564697e-05;2.38418579101562e-07;4.62559987338378e-05;1141.30221081515;4.60175801547362e-05;24801439.0799662;-4.63362918633829;3.0574006585382;7.3944768810825;16.7694672377865;-4.57565593409251
20/04/2021;28;15;SB;W;0.00451023094857409;4.62559987338378e-05;0.00897420589841433;143.648002705455;0.00892794989968049;16089.6963266556;-2.34580121929203;2.15729959190103;4.20654784739907;16.7694672377865;-2.28782796704626
20/04/2021;28;15;SB;W;0.87503766624533;0.00897420589841433;1.74110112659224;148.875929648;1.73212692069383;85.9497810866919;-0.0579732522457746;2.17282448642861;1.9342447748804;16.7694672377865;0
20/04/2021;28;15;SB;W;169.767563142226;1.74110112659224;337.794025157861;722.586433285917;336.052924031269;2.15021617612434;2.22985471480048;2.85888980333721;0.332482124742745;16.7694672377865;2.28782796704625
20/04/2021;28;15;SB;W;32936.8970125789;337.794025157861;65536;1427.30022563744;65198.2059748421;0.0218917101214133;4.51768268184674;3.15451533444866;-1.65972031119206;16.7694672377865;4.57565593409251
20/04/2021;28;16;NF;W;2.32472086564697e-05;2.38418579101562e-07;4.62559987338378e-05;538.16527133697;4.60175801547362e-05;11694775.5515906;-4.63362918633829;2.7309156686166;7.0679918911609;16.9147751794397;-4.57565593409251
20/04/2021;28;16;NF;W;0.00451023094857409;4.62559987338378e-05;0.00897420589841433;36.8923152072727;0.00892794989968049;4132.22695263926;-2.34580121929203;1.56693591058577;3.61618416608382;16.9147751794397;-2.28782796704626
20/04/2021;28;16;NF;W;0.87503766624533;0.00897420589841433;1.74110112659224;511.0302602974;1.73212692069383;295.030493546455;-0.0579732522457746;2.70844661733839;2.46986690579018;16.9147751794397;0
20/04/2021;28;16;NF;W;169.767563142226;1.74110112659224;337.794025157861;1208.36927878927;336.052924031269;3.59577076221731;2.22985471480048;3.0821996753716;0.555791996777133;16.9147751794397;2.28782796704625
20/04/2021;28;16;NF;W;32936.8970125789;337.794025157861;65536;18.068146602217;65198.2059748421;0.000277126438251827;4.51768268184674;1.25691360570359;-3.55732203993714;16.9147751794397;4.57565593409251
20/04/2021;28;17;LB;NW;2.32472086564697e-05;2.38418579101562e-07;4.62559987338378e-05;569.395440606061;4.60175801547362e-05;12373432.9074115;-4.63362918633829;2.75541398524234;7.09249020778665;13.2065038203288;-4.57565593409251
20/04/2021;28;17;LB;NW;0.00451023094857409;4.62559987338378e-05;0.00897420589841433;35.3653373454545;0.00892794989968049;3961.19352626746;-2.34580121929203;1.54857780511805;3.59782606061609;13.2065038203288;-2.28782796704626
20/04/2021;28;17;LB;NW;0.87503766624533;0.00897420589841433;1.74110112659224;1473.1506031638;1.73212692069383;850.486523570519;-0.0579732522457746;3.16824714791499;2.92966743636678;13.2065038203288;0
20/04/2021;28;17;LB;NW;169.767563142226;1.74110112659224;337.794025157861;840.599622368135;336.052924031269;2.50139059135197;2.22985471480048;2.92458919056655;0.39818151197208;13.2065038203288;2.28782796704625
20/04/2021;28;17;LB;NW;32936.8970125789;337.794025157861;65536;904.805463066972;65198.2059748421;0.0138777662596438;4.51768268184674;2.95655521412416;-1.85768043151657;13.2065038203288;4.57565593409251
20/04/2021;28;18;NF;NW;2.32472086564697e-05;2.38418579101562e-07;4.62559987338378e-05;303.814845773333;4.60175801547362e-05;6602147.36958662;-4.63362918633829;2.48260899164629;6.81968521419059;13.261152350081;-4.57565593409251
20/04/2021;28;18;NF;NW;0.00451023094857409;4.62559987338378e-05;0.00897420589841433;37.9588457672727;0.00892794989968049;4251.68669109928;-2.34580121929203;1.57931299815659;3.62856125365463;13.261152350081;-2.28782796704626
20/04/2021;28;18;NF;NW;0.87503766624533;0.00897420589841433;1.74110112659224;704.115929976;1.73212692069383;406.503658342749;-0.0579732522457746;2.84764416994304;2.60906445839483;13.261152350081;0
20/04/2021;28;18;NF;NW;169.767563142226;1.74110112659224;337.794025157861;1610.80778499737;336.052924031269;4.79331578393733;2.22985471480048;3.20704371987582;0.680636041281347;13.261152350081;2.28782796704625
20/04/2021;28;18;NF;NW;32936.8970125789;337.794025157861;65536;869.323770385459;65198.2059748421;0.0133335535447233;4.51768268184674;2.93918155493416;-1.87505409070657;13.261152350081;4.57565593409251
20/04/2021;28;19;NF;W;2.32472086564697e-05;2.38418579101562e-07;4.62559987338378e-05;1388.65523618545;4.60175801547362e-05;30176624.4882073;-4.63362918633829;3.14259443608505;7.47967065862935;16.5470201435517;-4.57565593409251
20/04/2021;28;19;NF;W;0.00451023094857409;4.62559987338378e-05;0.00897420589841433;49.0844022690909;0.00892794989968049;5497.83576527994;-2.34580121929203;1.6909435066922;3.74019176219024;16.5470201435517;-2.28782796704626
20/04/2021;28;19;NF;W;0.87503766624533;0.00897420589841433;1.74110112659224;102.60344092;1.73212692069383;59.2355211931588;-0.0579732522457746;2.01116192556635;1.77258221401814;16.5470201435517;0
20/04/2021;28;19;NF;W;169.767563142226;1.74110112659224;337.794025157861;1589.03955376273;336.052924031269;4.72853958448186;2.22985471480048;3.20113470763349;0.674727029039026;16.5470201435517;2.28782796704625
20/04/2021;28;19;NF;W;32936.8970125789;337.794025157861;65536;2282.01132962408;65198.2059748421;0.0350011368488365;4.51768268184674;3.35831779625266;-1.45591784938806;16.5470201435517;4.57565593409251
20/04/2021;28;20;LB;NW;2.32472086564697e-05;2.38418579101562e-07;4.62559987338378e-05;443.602895127273;4.60175801547362e-05;9639857.06409675;-4.63362918633829;2.64699437186327;6.98407059440758;13.1383028478815;-4.57565593409251
20/04/2021;28;20;LB;NW;0.00451023094857409;4.62559987338378e-05;0.00897420589841433;81.9463180872727;0.00892794989968049;9178.62656131229;-2.34580121929203;1.91352944515115;3.96277770064919;13.1383028478815;-2.28782796704626
20/04/2021;28;20;LB;NW;0.87503766624533;0.00897420589841433;1.74110112659224;1099.2685941816;1.73212692069383;634.635130398686;-0.0579732522457746;3.0411038204661;2.8025241089179;13.1383028478815;0
20/04/2021;28;20;LB;NW;169.767563142226;1.74110112659224;337.794025157861;2123.26003103327;336.052924031269;6.31823108563611;2.22985471480048;3.32700318452278;0.80059550592831;13.1383028478815;2.28782796704625
20/04/2021;28;20;LB;NW;32936.8970125789;337.794025157861;65536;1255.13644391497;65198.2059748421;0.0192510886633795;4.51768268184674;3.09869093985561;-1.71554470578512;13.1383028478815;4.57565593409251
20/04/2021;28;21;NF;NW;2.32472086564697e-05;2.38418579101562e-07;4.62559987338378e-05;842.83132542303;4.60175801547362e-05;18315420.3804062;-4.63362918633829;2.92574066861326;7.26281689115757;13.3697175272054;-4.57565593409251
20/04/2021;28;21;NF;NW;0.00451023094857409;4.62559987338378e-05;0.00897420589841433;56.6346597709091;0.00892794989968049;6343.52347485013;-2.34580121929203;1.75308229585816;3.80233055135621;13.3697175272054;-2.28782796704626
20/04/2021;28;21;NF;NW;0.87503766624533;0.00897420589841433;1.74110112659224;1282.112110272;1.73212692069383;740.195244906438;-0.0579732522457746;3.10792600236198;2.86934629081377;13.3697175272054;0
20/04/2021;28;21;NF;NW;169.767563142226;1.74110112659224;337.794025157861;2401.39380897132;336.052924031269;7.14587982203625;2.22985471480048;3.38046338664542;0.854055708050946;13.3697175272054;2.28782796704625
20/04/2021;28;21;NF;NW;32936.8970125789;337.794025157861;65536;1140.72359767071;65198.2059748421;0.0174962421222276;4.51768268184674;3.05718042570802;-1.75705521993271;13.3697175272054;4.57565593409251
20/04/2021;28;22;LB;W;2.32472086564697e-05;2.38418579101562e-07;4.62559987338378e-05;1245.5592537697;4.60175801547362e-05;27067030.6778724;-4.63362918633829;3.09536439262973;7.43244061517404;16.5810886779347;-4.57565593409251
20/04/2021;28;22;LB;W;0.00451023094857409;4.62559987338378e-05;0.00897420589841433;111.489991629091;0.00892794989968049;12487.748350053;-2.34580121929203;2.04723588285192;4.09648413834996;16.5810886779347;-2.28782796704626
20/04/2021;28;22;LB;W;169.767563142226;1.74110112659224;337.794025157861;534.202674283432;336.052924031269;1.58963852441804;2.22985471480048;2.72770605782169;0.201298379227221;16.5810886779347;2.28782796704625
20/04/2021;28;22;LB;W;32936.8970125789;337.794025157861;65536;203.059609283668;65198.2059748421;0.00311449688296672;4.51768268184674;2.30762354620294;-2.50661209943779;16.5810886779347;4.57565593409251
20/04/2021;28;23;SB;NW;2.32472086564697e-05;2.38418579101562e-07;4.62559987338378e-05;222.789562745455;4.60175801547362e-05;4841401.09054658;-4.63362918633829;2.34789484113261;6.68497106367691;13.1789002083816;-4.57565593409251
20/04/2021;28;23;SB;NW;0.00451023094857409;4.62559987338378e-05;0.00897420589841433;28.5949401309091;0.00892794989968049;3202.85624944338;-2.34580121929203;1.45628919160334;3.50553744710139;13.1789002083816;-2.28782796704626
20/04/2021;28;23;SB;NW;0.87503766624533;0.00897420589841433;1.74110112659224;817.7019646044;1.73212692069383;472.079704342254;-0.0579732522457746;2.91259504118591;2.6740153296377;13.1789002083816;0
20/04/2021;28;23;SB;NW;169.767563142226;1.74110112659224;337.794025157861;1986.66220889588;336.052924031269;5.91175397334448;2.22985471480048;3.29812403053026;0.771716351935791;13.1789002083816;2.28782796704625
20/04/2021;28;23;SB;NW;32936.8970125789;337.794025157861;65536;1353.46203071302;65198.2059748421;0.020759191307124;4.51768268184674;3.13144607681645;-1.68278956882427;13.1789002083816;4.57565593409251
20/04/2021;28;24;SB;W;2.32472086564697e-05;2.38418579101562e-07;4.62559987338378e-05;929.129950236364;4.60175801547362e-05;20190760.7290979;-4.63362918633829;2.96807645965964;7.30515268220394;16.0730562630238;-4.57565593409251
20/04/2021;28;24;SB;W;0.00451023094857409;4.62559987338378e-05;0.00897420589841433;149.016536;0.00892794989968049;16691.0139141051;-2.34580121929203;2.17323446368128;4.22248271917932;16.0730562630238;-2.28782796704626
20/04/2021;28;24;SB;W;0.87503766624533;0.00897420589841433;1.74110112659224;494.8516580536;1.73212692069383;285.690183635839;-0.0579732522457746;2.69447502975374;2.45589531820553;16.0730562630238;0
20/04/2021;28;24;SB;W;169.767563142226;1.74110112659224;337.794025157861;1632.81427190178;336.052924031269;4.8588009659748;2.22985471480048;3.2129367877523;0.686529109157827;16.0730562630238;2.28782796704625
20/04/2021;28;24;SB;W;32936.8970125789;337.794025157861;65536;3855.06767691241;65198.2059748421;0.0591284318221878;4.51768268184674;3.58603200662864;-1.22820363901208;16.0730562630238;4.57565593409251
18/05/2021;56;1;SB;NW;2.32472086564697e-05;2.38418579101562e-07;4.62559987338378e-05;1480.91261676364;4.60175801547362e-05;32181453.5180685;-4.63362918633829;3.1705294331485;7.5076056556928;19.45779115536;-4.57565593409251
18/05/2021;56;1;SB;NW;0.00451023094857409;4.62559987338378e-05;0.00897420589841433;158.690892901818;0.00892794989968049;17774.6173180807;-2.34580121929203;2.20055200378084;4.24980025927888;19.45779115536;-2.28782796704626
18/05/2021;56;1;SB;NW;0.87503766624533;0.00897420589841433;1.74110112659224;1435.13884214638;1.73212692069383;828.541387470334;-0.0579732522457746;3.15689391881298;2.91831420726477;19.45779115536;0
18/05/2021;56;1;SB;NW;169.767563142226;1.74110112659224;337.794025157861;1748.02290836233;336.052924031269;5.20162981292697;2.22985471480048;3.24254711989458;0.716139441300115;19.45779115536;2.28782796704625
18/05/2021;56;1;SB;NW;32936.8970125789;337.794025157861;65536;292.430313974772;65198.2059748421;0.00448525092987393;4.51768268184674;2.4660223905484;-2.34821325509232;19.45779115536;4.57565593409251
18/05/2021;56;2;SB;W;2.32472086564697e-05;2.38418579101562e-07;4.62559987338378e-05;832.224020909091;4.60175801547362e-05;18084914.8979738;-4.63362918633829;2.92024024690239;7.25731646944669;22.6420639036814;-4.57565593409251
18/05/2021;56;2;SB;W;0.00451023094857409;4.62559987338378e-05;0.00897420589841433;218.148543258182;0.00892794989968049;24434.3377493627;-2.34580121929203;2.33875231722178;4.38800057271983;22.6420639036814;-2.28782796704626
18/05/2021;56;2;SB;W;0.87503766624533;0.00897420589841433;1.74110112659224;657.665123667885;1.73212692069383;379.686451270239;-0.0579732522457746;2.818004811602;2.57942510005379;22.6420639036814;0
18/05/2021;56;2;SB;W;169.767563142226;1.74110112659224;337.794025157861;1030.40267865214;336.052924031269;3.06619167686893;2.22985471480048;3.01300697901645;0.486599300421979;22.6420639036814;2.28782796704625
18/05/2021;56;2;SB;W;32936.8970125789;337.794025157861;65536;3393.88666081089;65198.2059748421;0.0520549087212688;4.51768268184674;3.53069733491557;-1.28353831072516;22.6420639036814;4.57565593409251
18/05/2021;56;3;LB;W;2.32472086564697e-05;2.38418579101562e-07;4.62559987338378e-05;334.404870072727;4.60175801547362e-05;7266893.84683583;-4.63362918633829;2.52427259361839;6.86134881616269;23.4104246353323;-4.57565593409251
18/05/2021;56;3;LB;W;0.00451023094857409;4.62559987338378e-05;0.00897420589841433;66.7634732509091;0.00892794989968049;7478.02955898066;-2.34580121929203;1.82453892199264;3.87378717749068;23.4104246353323;-2.28782796704626
18/05/2021;56;3;LB;W;0.87503766624533;0.00897420589841433;1.74110112659224;958.502196878416;1.73212692069383;553.367184256034;-0.0579732522457746;2.98159311261427;2.74301340106606;23.4104246353323;0
18/05/2021;56;3;LB;W;169.767563142226;1.74110112659224;337.794025157861;1531.8301060216;336.052924031269;4.55830018571439;2.22985471480048;3.18521060073468;0.658802922140211;23.4104246353323;2.28782796704625
18/05/2021;56;3;LB;W;32936.8970125789;337.794025157861;65536;1776.20795417893;65198.2059748421;0.0272432029013853;4.51768268184674;3.24949381057848;-1.56474183506224;23.4104246353323;4.57565593409251
18/05/2021;56;4;LB;NW;2.32472086564697e-05;2.38418579101562e-07;4.62559987338378e-05;1746.92670389091;4.60175801547362e-05;37962159.2012615;-4.63362918633829;3.24227468359569;7.57935090613999;19.9158701088215;-4.57565593409251
18/05/2021;56;4;LB;NW;0.00451023094857409;4.62559987338378e-05;0.00897420589841433;47.7193651345455;0.00892794989968049;5344.94096301472;-2.34580121929203;1.67869465711906;3.7279429126171;19.9158701088215;-2.28782796704626
18/05/2021;56;4;LB;NW;0.87503766624533;0.00897420589841433;1.74110112659224;1194.95314279872;1.73212692069383;689.876202790073;-0.0579732522457746;3.0773508758089;2.83877116426069;19.9158701088215;0
18/05/2021;56;4;LB;NW;169.767563142226;1.74110112659224;337.794025157861;3057.71969289407;336.052924031269;9.09892303930542;2.22985471480048;3.48539767028197;0.958989991687505;19.9158701088215;2.28782796704625
18/05/2021;56;4;LB;NW;32936.8970125789;337.794025157861;65536;540.37740274815;65198.2059748421;0.00828822503117132;4.51768268184674;2.73269717960429;-2.08153846603644;19.9158701088215;4.57565593409251
18/05/2021;56;5;NF;NW;2.32472086564697e-05;2.38418579101562e-07;4.62559987338378e-05;1187.92657542424;4.60175801547362e-05;25814625.0070035;-4.63362918633829;3.07478959815902;7.41186582070333;19.2460099560083;-4.57565593409251
18/05/2021;56;5;NF;NW;0.00451023094857409;4.62559987338378e-05;0.00897420589841433;69.7198503127273;0.00892794989968049;7809.16684077969;-2.34580121929203;1.84335644601646;3.89260470151451;19.2460099560083;-2.28782796704626
18/05/2021;56;5;NF;NW;0.87503766624533;0.00897420589841433;1.74110112659224;743.134117696;1.73212692069383;429.029829637616;-0.0579732522457746;2.8710672004617;2.63248748891349;19.2460099560083;0
18/05/2021;56;5;NF;NW;169.767563142226;1.74110112659224;337.794025157861;2519.13692799964;336.052924031269;7.49625058392661;2.22985471480048;3.40125177427003;0.874844095675563;19.2460099560083;2.28782796704625
18/05/2021;56;5;NF;NW;32936.8970125789;337.794025157861;65536;26.579376901558;65198.2059748421;0.000407670372277025;4.51768268184674;1.4245447955914;-3.38969085004932;19.2460099560083;4.57565593409251
18/05/2021;56;6;NF;W;2.32472086564697e-05;2.38418579101562e-07;4.62559987338378e-05;1654.16599296364;4.60175801547362e-05;35946392.3874621;-4.63362918633829;3.21857908817358;7.55565531071789;22.7722972910396;-4.57565593409251
18/05/2021;56;6;NF;W;0.00451023094857409;4.62559987338378e-05;0.00897420589841433;91.4523994690909;0.00892794989968049;10243.3817950035;-2.34580121929203;1.96119510470052;4.01044336019856;22.7722972910396;-2.28782796704626
18/05/2021;56;6;NF;W;0.87503766624533;0.00897420589841433;1.74110112659224;317.872148273129;1.73212692069383;183.515505980244;-0.0579732522457746;2.50225247701452;2.26367276546631;22.7722972910396;0
18/05/2021;56;6;NF;W;169.767563142226;1.74110112659224;337.794025157861;1949.38150087255;336.052924031269;5.80081695909055;2.22985471480048;3.28989684040561;0.76348916181114;22.7722972910396;2.28782796704625
18/05/2021;56;6;NF;W;32936.8970125789;337.794025157861;65536;48.4622228603264;65198.2059748421;0.000743306079296513;4.51768268184674;1.68540333043363;-3.1288323152071;22.7722972910396;4.57565593409251
18/05/2021;56;7;NF;NW;2.32472086564697e-05;2.38418579101562e-07;4.62559987338378e-05;2089.31444717333;4.60175801547362e-05;45402527.4720643;-4.63362918633829;3.32000380733081;7.65708002987511;19.5127508682565;-4.57565593409251
18/05/2021;56;7;NF;NW;0.00451023094857409;4.62559987338378e-05;0.00897420589841433;120.588675134545;0.00892794989968049;13506.8718451098;-2.34580121929203;2.08130652374513;4.13055477924317;19.5127508682565;-2.28782796704626
18/05/2021;56;7;NF;NW;0.87503766624533;0.00897420589841433;1.74110112659224;1541.64396336318;1.73212692069383;890.029445847798;-0.0579732522457746;3.18798408668488;2.94940437513667;19.5127508682565;0
18/05/2021;56;7;NF;NW;169.767563142226;1.74110112659224;337.794025157861;2747.88693433265;336.052924031269;8.17694695635787;2.22985471480048;3.43899885909871;0.91259118050424;19.5127508682565;2.28782796704625
18/05/2021;56;7;NF;NW;32936.8970125789;337.794025157861;65536;2330.26890690815;65198.2059748421;0.0357413041059339;4.51768268184674;3.36740604035982;-1.4468296052809;19.5127508682565;4.57565593409251
18/05/2021;56;8;NF;W;2.32472086564697e-05;2.38418579101562e-07;4.62559987338378e-05;272.323669236364;4.60175801547362e-05;5917818.11039743;-4.63362918633829;2.43508539004363;6.77216161258793;22.5479157212318;-4.57565593409251
18/05/2021;56;8;NF;W;0.00451023094857409;4.62559987338378e-05;0.00897420589841433;88.5689439418182;0.00892794989968049;9920.41229364289;-2.34580121929203;1.94728146636714;3.99652972186518;22.5479157212318;-2.28782796704626
18/05/2021;56;8;NF;W;0.87503766624533;0.00897420589841433;1.74110112659224;335.75165618875;1.73212692069383;193.837791086499;-0.0579732522457746;2.52601816362478;2.28743845207657;22.5479157212318;0
18/05/2021;56;8;NF;W;169.767563142226;1.74110112659224;337.794025157861;1052.87721576042;336.052924031269;3.13306964608484;2.22985471480048;3.02237772766518;0.495970049070708;22.5479157212318;2.28782796704625
18/05/2021;56;8;NF;W;32936.8970125789;337.794025157861;65536;161.98088999949;65198.2059748421;0.00248443783962388;4.51768268184674;2.20946378085548;-2.60477186478524;22.5479157212318;4.57565593409251
18/05/2021;56;9;LB;NW;2.32472086564697e-05;2.38418579101562e-07;4.62559987338378e-05;364.681063836364;4.60175801547362e-05;7924820.52750507;-4.63362918633829;2.5619132130399;6.8989894355842;19.2671472563093;-4.57565593409251
18/05/2021;56;9;LB;NW;0.00451023094857409;4.62559987338378e-05;0.00897420589841433;140.364569650909;0.00892794989968049;15721.9262236152;-2.34580121929203;2.14725749848516;4.1965057539832;19.2671472563093;-2.28782796704626
18/05/2021;56;9;LB;NW;0.87503766624533;0.00897420589841433;1.74110112659224;2026.38245142442;1.73212692069383;1169.88104463657;-0.0579732522457746;3.30672141578637;3.06814170423816;19.2671472563093;0
18/05/2021;56;9;LB;NW;169.767563142226;1.74110112659224;337.794025157861;3155.09863683093;336.052924031269;9.38869568216391;2.22985471480048;3.49901294100068;0.972605262406215;19.2671472563093;2.28782796704625
18/05/2021;56;9;LB;NW;32936.8970125789;337.794025157861;65536;1553.73858499268;65198.2059748421;0.0238310021228532;4.51768268184674;3.19137795098653;-1.62285769465419;19.2671472563093;4.57565593409251
18/05/2021;56;10;SB;W;2.32472086564697e-05;2.38418579101562e-07;4.62559987338378e-05;2614.61611901818;4.60175801547362e-05;56817766.3889847;-4.63362918633829;3.41740793426244;7.75448415680674;22.4353584163001;-4.57565593409251
18/05/2021;56;10;SB;W;0.00451023094857409;4.62559987338378e-05;0.00897420589841433;160.080319345455;0.00892794989968049;17930.2439131276;-2.34580121929203;2.20433794200641;4.25358619750445;22.4353584163001;-2.28782796704626
18/05/2021;56;10;SB;W;0.87503766624533;0.00897420589841433;1.74110112659224;977.8337179483;1.73212692069383;564.527752710301;-0.0579732522457746;2.99026500865538;2.75168529710717;22.4353584163001;0
18/05/2021;56;10;SB;W;169.767563142226;1.74110112659224;337.794025157861;1931.152023589;336.052924031269;5.74657110678588;2.22985471480048;3.28581646352928;0.759408784934813;22.4353584163001;2.28782796704625
18/05/2021;56;10;SB;W;32936.8970125789;337.794025157861;65536;1055.39906380318;65198.2059748421;0.0161875476176511;4.51768268184674;3.02341670459827;-1.79081894104246;22.4353584163001;4.57565593409251
18/05/2021;56;11;LB;W;2.32472086564697e-05;2.38418579101562e-07;4.62559987338378e-05;1150.18524444242;4.60175801547362e-05;24994474.7328059;-4.63362918633829;3.06076779179732;7.39784401434162;23.009626765455;-4.57565593409251
18/05/2021;56;11;LB;W;0.00451023094857409;4.62559987338378e-05;0.00897420589841433;141.863890189091;0.00892794989968049;15889.8618140955;-2.34580121929203;2.15187186489141;4.20112012038946;23.009626765455;-2.28782796704626
18/05/2021;56;11;LB;W;0.87503766624533;0.00897420589841433;1.74110112659224;1173.62325688535;1.73212692069383;677.561928553848;-0.0579732522457746;3.06952870703572;2.83094899548751;23.009626765455;0
18/05/2021;56;11;LB;W;169.767563142226;1.74110112659224;337.794025157861;1549.19596437138;336.052924031269;4.60997614836178;2.22985471480048;3.19010635698593;0.663698678391457;23.009626765455;2.28782796704625
18/05/2021;56;11;LB;W;32936.8970125789;337.794025157861;65536;251.830974001215;65198.2059748421;0.00386254453225889;4.51768268184674;2.40110914519409;-2.41312650044664;23.009626765455;4.57565593409251
18/05/2021;56;12;SB;NW;2.32472086564697e-05;2.38418579101562e-07;4.62559987338378e-05;504.236278139394;4.60175801547362e-05;10957470.5241752;-4.63362918633829;2.70263408852203;7.03971031106633;19.2585137763371;-4.57565593409251
18/05/2021;56;12;SB;NW;0.00451023094857409;4.62559987338378e-05;0.00897420589841433;96.7970612363636;0.00892794989968049;10842.0255852721;-2.34580121929203;1.98586217230628;4.03511042780432;19.2585137763371;-2.28782796704626
18/05/2021;56;12;SB;NW;0.87503766624533;0.00897420589841433;1.74110112659224;3854.12831341557;1.73212692069383;2225.08424028867;-0.0579732522457746;3.58592616929211;3.3473464577439;19.2585137763371;0
18/05/2021;56;12;SB;NW;169.767563142226;1.74110112659224;337.794025157861;3157.8960592858;336.052924031269;9.39702003304685;2.22985471480048;3.49939783130194;0.972990152707475;19.2585137763371;2.28782796704625
18/05/2021;56;12;SB;NW;32936.8970125789;337.794025157861;65536;1571.80094695112;65198.2059748421;0.0241080398371334;4.51768268184674;3.19639754608356;-1.61783809955717;19.2585137763371;4.57565593409251
18/05/2021;56;13;LB;W;2.32472086564697e-05;2.38418579101562e-07;4.62559987338378e-05;911.111315557576;4.60175801547362e-05;19799200.9248188;-4.63362918633829;2.95957144039679;7.29664766294109;22.9475554526511;-4.57565593409251
18/05/2021;56;13;LB;W;0.00451023094857409;4.62559987338378e-05;0.00897420589841433;155.318965578182;0.00892794989968049;17396.9351669122;-2.34580121929203;2.19122448948936;4.24047274498741;22.9475554526511;-2.28782796704626
18/05/2021;56;13;LB;W;0.87503766624533;0.00897420589841433;1.74110112659224;763.038817188092;1.73212692069383;440.521308266745;-0.0579732522457746;2.88254663187596;2.64396692032775;22.9475554526511;0
18/05/2021;56;13;LB;W;169.767563142226;1.74110112659224;337.794025157861;1884.47116986487;336.052924031269;5.6076618743824;2.22985471480048;3.27518949765489;0.748781819060417;22.9475554526511;2.28782796704625
18/05/2021;56;13;LB;W;32936.8970125789;337.794025157861;65536;1641.72971479847;65198.2059748421;0.0251805964635278;4.51768268184674;3.21530165885303;-1.5989339867877;22.9475554526511;4.57565593409251
18/05/2021;56;14;SB;NW;2.32472086564697e-05;2.38418579101562e-07;4.62559987338378e-05;5049.08693587273;4.60175801547362e-05;109720826.668741;-4.63362918633829;3.70321284850194;8.04028907104624;19.4891660106506;-4.57565593409251
18/05/2021;56;14;SB;NW;0.00451023094857409;4.62559987338378e-05;0.00897420589841433;87.3886335054545;0.00892794989968049;9788.20832188832;-2.34580121929203;1.94145494834515;3.99070320384319;19.4891660106506;-2.28782796704626
18/05/2021;56;14;SB;NW;0.87503766624533;0.00897420589841433;1.74110112659224;1088.81970810214;1.73212692069383;628.602728295451;-0.0579732522457746;3.03695597318219;2.79837626163398;19.4891660106506;0
18/05/2021;56;14;SB;NW;169.767563142226;1.74110112659224;337.794025157861;2176.66397495945;336.052924031269;6.47714636387726;2.22985471480048;3.3377913894983;0.811383710903832;19.4891660106506;2.28782796704625
18/05/2021;56;14;SB;NW;32936.8970125789;337.794025157861;65536;75.8518062888915;65198.2059748421;0.00116340327398211;4.51768268184674;1.87996592727117;-2.93426971836955;19.4891660106506;4.57565593409251
18/05/2021;56;15;SB;W;2.32472086564697e-05;2.38418579101562e-07;4.62559987338378e-05;77.7107806836364;4.60175801547362e-05;1688719.40728587;-4.63362918633829;1.89048127191079;6.22755749445509;23.0179018291271;-4.57565593409251
18/05/2021;56;15;SB;W;0.00451023094857409;4.62559987338378e-05;0.00897420589841433;24.0827273563636;0.00892794989968049;2697.45323696602;-2.34580121929203;1.38170566899549;3.43095392449354;23.0179018291271;-2.28782796704626
18/05/2021;56;15;SB;W;0.87503766624533;0.00897420589841433;1.74110112659224;1006.56010803743;1.73212692069383;581.112212974692;-0.0579732522457746;3.0028397144552;2.76426000290699;23.0179018291271;0
18/05/2021;56;15;SB;W;169.767563142226;1.74110112659224;337.794025157861;1101.83301326055;336.052924031269;3.27874847819513;2.22985471480048;3.04211578061862;0.515708102024148;23.0179018291271;2.28782796704625
18/05/2021;56;15;SB;W;32936.8970125789;337.794025157861;65536;2038.46044240486;65198.2059748421;0.0312655910070813;4.51768268184674;3.3093022881149;-1.50493335752583;23.0179018291271;4.57565593409251
18/05/2021;56;16;NF;W;2.32472086564697e-05;2.38418579101562e-07;4.62559987338378e-05;467.729379357576;4.60175801547362e-05;10164145.4805927;-4.63362918633829;2.66999464998579;7.00707087253009;23.0575172493633;-4.57565593409251
18/05/2021;56;16;NF;W;0.00451023094857409;4.62559987338378e-05;0.00897420589841433;136.326667781818;0.00892794989968049;15269.6497307514;-2.34580121929203;2.13458081942697;4.18382907492501;23.0575172493633;-2.28782796704626
18/05/2021;56;16;NF;W;0.87503766624533;0.00897420589841433;1.74110112659224;236.5113783662;1.73212692069383;136.54390768978;-0.0579732522457746;2.37385203912366;2.13527232757545;23.0575172493633;0
18/05/2021;56;16;NF;W;169.767563142226;1.74110112659224;337.794025157861;1186.88651785237;336.052924031269;3.53184404293991;2.22985471480048;3.07440919660702;0.54800151801255;23.0575172493633;2.28782796704625
18/05/2021;56;16;NF;W;32936.8970125789;337.794025157861;65536;8.47649701684121;65198.2059748421;0.000130011200309898;4.51768268184674;0.928216413511059;-3.88601923212967;23.0575172493633;4.57565593409251
18/05/2021;56;17;LB;NW;2.32472086564697e-05;2.38418579101562e-07;4.62559987338378e-05;1773.85086446061;4.60175801547362e-05;38547243.4338344;-4.63362918633829;3.24891710395995;7.58599332650425;19.4109708265802;-4.57565593409251
18/05/2021;56;17;LB;NW;0.00451023094857409;4.62559987338378e-05;0.00897420589841433;188.015955389091;0.00892794989968049;21059.2529642017;-2.34580121929203;2.27419470587757;4.32344296137562;19.4109708265802;-2.28782796704626
18/05/2021;56;17;LB;NW;0.87503766624533;0.00897420589841433;1.74110112659224;1034.30231270056;1.73212692069383;597.128478487162;-0.0579732522457746;3.01464749576783;2.77606778421962;19.4109708265802;0
18/05/2021;56;17;LB;NW;169.767563142226;1.74110112659224;337.794025157861;2463.62269687193;336.052924031269;7.33105567813093;2.22985471480048;3.39157419650639;0.865166517911925;19.4109708265802;2.28782796704625
18/05/2021;56;17;LB;NW;32936.8970125789;337.794025157861;65536;72.1024634694693;65198.2059748421;0.00110589643367321;4.51768268184674;1.85795010317879;-2.95628554246194;19.4109708265802;4.57565593409251
18/05/2021;56;18;NF;NW;2.32472086564697e-05;2.38418579101562e-07;4.62559987338378e-05;602.364730684848;4.60175801547362e-05;13089882.7939098;-4.63362918633829;2.77985953537497;7.11693575791927;19.4054109747627;-4.57565593409251
18/05/2021;56;18;NF;NW;0.00451023094857409;4.62559987338378e-05;0.00897420589841433;28.4503040290909;0.00892794989968049;3186.65587831189;-2.34580121929203;1.45408691176628;3.50333516726432;19.4054109747627;-2.28782796704626
18/05/2021;56;18;NF;NW;0.87503766624533;0.00897420589841433;1.74110112659224;1155.34258548721;1.73212692069383;667.008041780462;-0.0579732522457746;3.06271078156645;2.82413107001824;19.4054109747627;0
18/05/2021;56;18;NF;NW;169.767563142226;1.74110112659224;337.794025157861;2243.92546116546;336.052924031269;6.67729783228033;2.22985471480048;3.35100842640668;0.82460074781221;19.4054109747627;2.28782796704625
18/05/2021;56;18;NF;NW;32936.8970125789;337.794025157861;65536;302.636764650776;65198.2059748421;0.00464179589186171;4.51768268184674;2.48092168546872;-2.33331396017201;19.4054109747627;4.57565593409251
18/05/2021;56;19;NF;W;2.32472086564697e-05;2.38418579101562e-07;4.62559987338378e-05;732.987432421818;4.60175801547362e-05;15928421.9195602;-4.63362918633829;2.86509652842469;7.202172750969;22.8614892336189;-4.57565593409251
18/05/2021;56;19;NF;W;0.00451023094857409;4.62559987338378e-05;0.00897420589841433;64.3476854036364;0.00892794989968049;7207.44248418545;-2.34580121929203;1.80853292988054;3.85778118537859;22.8614892336189;-2.28782796704626
18/05/2021;56;19;NF;W;0.87503766624533;0.00897420589841433;1.74110112659224;858.145008059058;1.73212692069383;495.428480330597;-0.0579732522457746;2.9335606804813;2.69498096893309;22.8614892336189;0
18/05/2021;56;19;NF;W;169.767563142226;1.74110112659224;337.794025157861;3599.96570866213;336.052924031269;10.7124963100371;2.22985471480048;3.55629836393125;1.02989068533678;22.8614892336189;2.28782796704625
18/05/2021;56;19;NF;W;32936.8970125789;337.794025157861;65536;111.248863271533;65198.2059748421;0.00170631785964265;4.51768268184674;2.0462955821031;-2.76794006353762;22.8614892336189;4.57565593409251
18/05/2021;56;20;LB;NW;2.32472086564697e-05;2.38418579101562e-07;4.62559987338378e-05;54.6379562666667;4.60175801547362e-05;1187327.88823193;-4.63362918633829;1.73749444618759;6.07457066873189;19.4052993748553;-4.57565593409251
18/05/2021;56;20;LB;NW;0.00451023094857409;4.62559987338378e-05;0.00897420589841433;194.585190378182;0.00892794989968049;21795.0585033128;-2.34580121929203;2.28910978361073;4.33835803910878;19.4052993748553;-2.28782796704626
18/05/2021;56;20;LB;NW;0.87503766624533;0.00897420589841433;1.74110112659224;5217.97317923978;1.73212692069383;3012.46584006076;-0.0579732522457746;3.71750184246483;3.47892213091662;19.4052993748553;0
18/05/2021;56;20;LB;NW;169.767563142226;1.74110112659224;337.794025157861;1989.38575348783;336.052924031269;5.91985848426281;2.22985471480048;3.29871900352037;0.772311324925899;19.4052993748553;2.28782796704625
18/05/2021;56;20;LB;NW;32936.8970125789;337.794025157861;65536;1346.56877374331;65198.2059748421;0.0206534635978007;4.51768268184674;3.12922853917677;-1.68500710646395;19.4052993748553;4.57565593409251
18/05/2021;56;21;NF;NW;2.32472086564697e-05;2.38418579101562e-07;4.62559987338378e-05;1045.45887541818;4.60175801547362e-05;22718684.2920201;-4.63362918633829;3.01930695391101;7.35638317645531;19.4808138457976;-4.57565593409251
18/05/2021;56;21;NF;NW;0.00451023094857409;4.62559987338378e-05;0.00897420589841433;56.2214925672727;0.00892794989968049;6297.24552657769;-2.34580121929203;1.74990237106733;3.79915062656538;19.4808138457976;-2.28782796704626
18/05/2021;56;21;NF;NW;0.87503766624533;0.00897420589841433;1.74110112659224;1170.35862928805;1.73212692069383;675.67717775511;-0.0579732522457746;3.0683189616225;2.82973925007429;19.4808138457976;0
18/05/2021;56;21;NF;NW;169.767563142226;1.74110112659224;337.794025157861;2684.74964514633;336.052924031269;7.98906795078659;2.22985471480048;3.42890379364795;0.902496115053478;19.4808138457976;2.28782796704625
18/05/2021;56;21;NF;NW;32936.8970125789;337.794025157861;65536;688.766499842585;65198.2059748421;0.010564194053259;4.51768268184674;2.83807201578689;-1.97616362985383;19.4808138457976;4.57565593409251
18/05/2021;56;22;LB;W;2.32472086564697e-05;2.38418579101562e-07;4.62559987338378e-05;289.629044581818;4.60175801547362e-05;6293878.20063391;-4.63362918633829;2.46184211163118;6.79891833417548;22.8464758045844;-4.57565593409251
18/05/2021;56;22;LB;W;0.00451023094857409;4.62559987338378e-05;0.00897420589841433;41.7596856945455;0.00892794989968049;4677.41039810718;-2.34580121929203;1.62075722127682;3.67000547677486;22.8464758045844;-2.28782796704626
18/05/2021;56;22;LB;W;0.87503766624533;0.00897420589841433;1.74110112659224;963.9801042744;1.73212692069383;556.529716591591;-0.0579732522457746;2.98406807052834;2.74548835898013;22.8464758045844;0
18/05/2021;56;22;LB;W;169.767563142226;1.74110112659224;337.794025157861;2852.78936368619;336.052924031269;8.48910739851426;2.22985471480048;3.45526970661472;0.92886202802025;22.8464758045844;2.28782796704625
18/05/2021;56;23;SB;NW;2.32472086564697e-05;2.38418579101562e-07;4.62559987338378e-05;2294.71742436364;4.60175801547362e-05;49866103.7074862;-4.63362918633829;3.36072921336115;7.69780543590546;19.4686735355406;-4.57565593409251
18/05/2021;56;23;SB;NW;0.00451023094857409;4.62559987338378e-05;0.00897420589841433;150.42319208;0.00892794989968049;16848.5703627642;-2.34580121929203;2.17731480045687;4.22656305595492;19.4686735355406;-2.28782796704626
18/05/2021;56;23;SB;NW;0.87503766624533;0.00897420589841433;1.74110112659224;2531.07487483361;1.73212692069383;1461.25254714;-0.0579732522457746;3.4033049927466;3.16472528119839;19.4686735355406;0
18/05/2021;56;23;SB;NW;169.767563142226;1.74110112659224;337.794025157861;2797.00688095971;336.052924031269;8.3231142505978;2.22985471480048;3.44669353478739;0.920285856192917;19.4686735355406;2.28782796704625
18/05/2021;56;23;SB;NW;32936.8970125789;337.794025157861;65536;50.2753594385874;65198.2059748421;0.000771115687722865;4.51768268184674;1.70135518422427;-3.11288046141646;19.4686735355406;4.57565593409251
18/05/2021;56;24;SB;W;2.32472086564697e-05;2.38418579101562e-07;4.62559987338378e-05;985.658307090909;4.60175801547362e-05;21419168.5824545;-4.63362918633829;2.99372638647908;7.33080260902338;22.3830166705256;-4.57565593409251
18/05/2021;56;24;SB;W;0.00451023094857409;4.62559987338378e-05;0.00897420589841433;9.53632341090909;0.00892794989968049;1068.14257674658;-2.34580121929203;0.979380971128492;3.02862922662654;22.3830166705256;-2.28782796704626
18/05/2021;56;24;SB;W;0.87503766624533;0.00897420589841433;1.74110112659224;330.9145732336;1.73212692069383;191.045222656691;-0.0579732522457746;2.5197158935895;2.28113618204129;22.3830166705256;0
18/05/2021;56;24;SB;W;169.767563142226;1.74110112659224;337.794025157861;2059.99471480337;336.052924031269;6.1299711072048;2.22985471480048;3.31386610612902;0.78745842753455;22.3830166705256;2.28782796704625
18/05/2021;56;24;SB;W;32936.8970125789;337.794025157861;65536;5397.67314373503;65198.2059748421;0.0827886759003432;4.51768268184674;3.73220658230088;-1.08202906333985;22.3830166705256;4.57565593409251
15/06/2021;84;1;SB;NW;2.32472086564697e-05;2.38418579101562e-07;4.62559987338378e-05;413.923757363636;4.60175801547362e-05;8994904.90312178;-4.63362918633829;2.61692035366781;6.95399657621211;25.2011407733272;-4.57565593409251
15/06/2021;84;1;SB;NW;0.00451023094857409;4.62559987338378e-05;0.00897420589841433;182.63087648;0.00892794989968049;20456.082138917;-2.34580121929203;2.26157420338056;4.3108224588786;25.2011407733272;-2.28782796704626
15/06/2021;84;1;SB;NW;0.87503766624533;0.00897420589841433;1.74110112659224;1416.91019846861;1.73212692069383;818.017537595366;-0.0579732522457746;3.15134232622106;2.91276261467285;25.2011407733272;0
15/06/2021;84;1;SB;NW;169.767563142226;1.74110112659224;337.794025157861;2062.90575975391;336.052924031269;6.13863356702101;2.22985471480048;3.31447938844155;0.788071709847079;25.2011407733272;2.28782796704625
15/06/2021;84;1;SB;NW;32936.8970125789;337.794025157861;65536;2408.24269232378;65198.2059748421;0.0369372539675868;4.51768268184674;3.38170025111816;-1.43253539452256;25.2011407733272;4.57565593409251
15/06/2021;84;2;SB;W;2.32472086564697e-05;2.38418579101562e-07;4.62559987338378e-05;1430.97552354545;4.60175801547362e-05;31096279.2640059;-4.63362918633829;3.15563220533206;7.49270842787637;28.6762241259551;-4.57565593409251
15/06/2021;84;2;SB;W;0.00451023094857409;4.62559987338378e-05;0.00897420589841433;149.779607134545;0.00892794989968049;16776.4838308407;-2.34580121929203;2.17545268711627;4.22470094261431;28.6762241259551;-2.28782796704626
15/06/2021;84;2;SB;W;0.87503766624533;0.00897420589841433;1.74110112659224;293.194512517039;1.73212692069383;169.268492403314;-0.0579732522457746;2.46715583770896;2.22857612616075;28.6762241259551;0
15/06/2021;84;2;SB;W;169.767563142226;1.74110112659224;337.794025157861;721.175426297602;336.052924031269;2.14601741191961;2.22985471480048;2.85804091992894;0.331633241334466;28.6762241259551;2.28782796704625
15/06/2021;84;2;SB;W;32936.8970125789;337.794025157861;65536;13.3410429915732;65198.2059748421;0.000204622854142966;4.51768268184674;1.12518978368684;-3.68904586195388;28.6762241259551;4.57565593409251
15/06/2021;84;3;LB;W;2.32472086564697e-05;2.38418579101562e-07;4.62559987338378e-05;530.033450152727;4.60175801547362e-05;11518064.365194;-4.63362918633829;2.72430327857878;7.06137950112308;29.4216320907618;-4.57565593409251
15/06/2021;84;3;LB;W;0.00451023094857409;4.62559987338378e-05;0.00897420589841433;484.438347418182;0.00892794989968049;54260.8720771964;-2.34580121929203;2.68523851393621;4.73448676943425;29.4216320907618;-2.28782796704626
15/06/2021;84;3;LB;W;0.87503766624533;0.00897420589841433;1.74110112659224;109.125884475031;1.73212692069383;63.0010902615145;-0.0579732522457746;2.03792777672342;1.79934806517521;29.4216320907618;0
15/06/2021;84;3;LB;W;169.767563142226;1.74110112659224;337.794025157861;207.083074593761;336.052924031269;0.616221612088972;2.22985471480048;2.31614460439361;-0.210263074200856;29.4216320907618;2.28782796704625
15/06/2021;84;3;LB;W;32936.8970125789;337.794025157861;65536;5413.95390504986;65198.2059748421;0.0830383876994857;4.51768268184674;3.73351455382316;-1.08072109181756;29.4216320907618;4.57565593409251
15/06/2021;84;4;LB;NW;2.32472086564697e-05;2.38418579101562e-07;4.62559987338378e-05;1452.76657442424;4.60175801547362e-05;31569816.7860902;-4.63362918633829;3.16219583894814;7.49927206149244;25.7122530678398;-4.57565593409251
15/06/2021;84;4;LB;NW;0.00451023094857409;4.62559987338378e-05;0.00897420589841433;27.3099413527273;0.00892794989968049;3058.92636715005;-2.34580121929203;1.43632076750648;3.48556902300452;25.7122530678398;-2.28782796704626
15/06/2021;84;4;LB;NW;0.87503766624533;0.00897420589841433;1.74110112659224;423.592374330207;1.73212692069383;244.55042483869;-0.0579732522457746;2.62694813317265;2.38836842162444;25.7122530678398;0
15/06/2021;84;4;LB;NW;169.767563142226;1.74110112659224;337.794025157861;1136.20043501286;336.052924031269;3.38101636308674;2.22985471480048;3.055454951218;0.529047272623527;25.7122530678398;2.28782796704625
15/06/2021;84;4;LB;NW;32936.8970125789;337.794025157861;65536;112.821901363954;65198.2059748421;0.00173044487462566;4.51768268184674;2.0523934145253;-2.76184223111543;25.7122530678398;4.57565593409251
15/06/2021;84;5;NF;NW;2.32472086564697e-05;2.38418579101562e-07;4.62559987338378e-05;2137.01828837576;4.60175801547362e-05;46439171.3164824;-4.63362918633829;3.32980823882607;7.66688446137037;25.2206242185691;-4.57565593409251
15/06/2021;84;5;NF;NW;0.00451023094857409;4.62559987338378e-05;0.00897420589841433;155.68867608;0.00892794989968049;17438.3456257491;-2.34580121929203;2.19225702557508;4.24150528107313;25.2206242185691;-2.28782796704626
15/06/2021;84;5;NF;NW;0.87503766624533;0.00897420589841433;1.74110112659224;534.470437889795;1.73212692069383;308.563091713687;-0.0579732522457746;2.72792368893415;2.48934397738594;25.2206242185691;0
15/06/2021;84;5;NF;NW;169.767563142226;1.74110112659224;337.794025157861;3112.15422181046;336.052924031269;9.26090505173193;2.22985471480048;3.49306111017553;0.966653431581061;25.2206242185691;2.28782796704625
15/06/2021;84;5;NF;NW;32936.8970125789;337.794025157861;65536;252.838261687342;65198.2059748421;0.00387799415500641;4.51768268184674;2.40284279580621;-2.41139284983451;25.2206242185691;4.57565593409251
15/06/2021;84;6;NF;W;2.32472086564697e-05;2.38418579101562e-07;4.62559987338378e-05;951.731680090909;4.60175801547362e-05;20681914.9744656;-4.63362918633829;2.97851452582052;7.31559074836483;28.5986330169021;-4.57565593409251
15/06/2021;84;6;NF;W;0.00451023094857409;4.62559987338378e-05;0.00897420589841433;80.3184977527273;0.00892794989968049;8996.29799172615;-2.34580121929203;1.90481557699464;3.95406383249269;28.5986330169021;-2.28782796704626
15/06/2021;84;6;NF;W;0.87503766624533;0.00897420589841433;1.74110112659224;222.656329299147;1.73212692069383;128.545042882861;-0.0579732522457746;2.34763504503483;2.10905533348663;28.5986330169021;0
15/06/2021;84;6;NF;W;169.767563142226;1.74110112659224;337.794025157861;817.539053416466;336.052924031269;2.43276875442511;2.22985471480048;2.91250850784995;0.386100829255485;28.5986330169021;2.28782796704625
15/06/2021;84;6;NF;W;32936.8970125789;337.794025157861;65536;1319.20047381617;65198.2059748421;0.0202336928461683;4.51768268184674;3.12031079862169;-1.69392484701904;28.5986330169021;4.57565593409251
15/06/2021;84;7;NF;NW;2.32472086564697e-05;2.38418579101562e-07;4.62559987338378e-05;1931.55527051515;4.60175801547362e-05;41974290.3477368;-4.63362918633829;3.28590713978413;7.62298336232844;25.451952303774;-4.57565593409251
15/06/2021;84;7;NF;NW;0.00451023094857409;4.62559987338378e-05;0.00897420589841433;70.9925651636364;0.00892794989968049;7951.72082744069;-2.34580121929203;1.8512128687546;3.90046112425265;25.451952303774;-2.28782796704626
15/06/2021;84;7;NF;NW;0.87503766624533;0.00897420589841433;1.74110112659224;1443.69009016017;1.73212692069383;833.478235868468;-0.0579732522457746;3.15947397538154;2.92089426383333;25.451952303774;0
15/06/2021;84;7;NF;NW;169.767563142226;1.74110112659224;337.794025157861;1639.92257148935;336.052924031269;4.87995328776475;2.22985471480048;3.21482334343261;0.68841566483814;25.451952303774;2.28782796704625
15/06/2021;84;7;NF;NW;32936.8970125789;337.794025157861;65536;3054.25163777795;65198.2059748421;0.0468456392643148;4.51768268184674;3.4849048154304;-1.32933083021033;25.451952303774;4.57565593409251
15/06/2021;84;8;NF;W;2.32472086564697e-05;2.38418579101562e-07;4.62559987338378e-05;917.640928157576;4.60175801547362e-05;19941094.7962054;-4.63362918633829;2.9626727755085;7.2997489980528;28.4220013892105;-4.57565593409251
15/06/2021;84;8;NF;W;0.00451023094857409;4.62559987338378e-05;0.00897420589841433;179.658956843636;0.00892794989968049;20123.2039675834;-2.34580121929203;2.25444887370209;4.30369712920014;28.4220013892105;-2.28782796704626
15/06/2021;84;8;NF;W;0.87503766624533;0.00897420589841433;1.74110112659224;41.3183589981734;1.73212692069383;23.8541174463259;-0.0579732522457746;1.61614306473068;1.37756335318247;28.4220013892105;0
15/06/2021;84;8;NF;W;169.767563142226;1.74110112659224;337.794025157861;839.760341621204;336.052924031269;2.49889312536696;2.22985471480048;2.92415536086901;0.397747682274538;28.4220013892105;2.28782796704625
15/06/2021;84;8;NF;W;32936.8970125789;337.794025157861;65536;72.2467436975115;65198.2059748421;0.00110810938149723;4.51768268184674;1.85881827736531;-2.95541736827542;28.4220013892105;4.57565593409251
15/06/2021;84;9;LB;NW;2.32472086564697e-05;2.38418579101562e-07;4.62559987338378e-05;816.294550164848;4.60175801547362e-05;17738754.350403;-4.63362918633829;2.91184689702468;7.24892311956898;24.9191120629775;-4.57565593409251
15/06/2021;84;9;LB;NW;0.00451023094857409;4.62559987338378e-05;0.00897420589841433;325.651380397576;0.00892794989968049;36475.4937087214;-2.34580121929203;2.5127529234368;4.56200117893485;24.9191120629775;-2.28782796704626
15/06/2021;84;9;LB;NW;0.87503766624533;0.00897420589841433;1.74110112659224;429.859926686086;1.73212692069383;248.168838871172;-0.0579732522457746;2.63332696028263;2.39474724873442;24.9191120629775;0
15/06/2021;84;9;LB;NW;169.767563142226;1.74110112659224;337.794025157861;1805.77034389574;336.052924031269;5.37347011367685;2.22985471480048;3.25666251634246;0.73025483774799;24.9191120629775;2.28782796704625
15/06/2021;84;9;LB;NW;32936.8970125789;337.794025157861;65536;119.355044196732;65198.2059748421;0.00183064920901026;4.51768268184674;2.07684077793443;-2.73739486770629;24.9191120629775;4.57565593409251
15/06/2021;84;10;SB;W;2.32472086564697e-05;2.38418579101562e-07;4.62559987338378e-05;527.132588342424;4.60175801547362e-05;11455026.2436642;-4.63362918633829;2.72191986595846;7.05899608850276;28.4532949756888;-4.57565593409251
15/06/2021;84;10;SB;W;0.00451023094857409;4.62559987338378e-05;0.00897420589841433;142.930421381818;0.00892794989968049;16009.3216234259;-2.34580121929203;2.15512467408242;4.20437292958047;28.4532949756888;-2.28782796704626
15/06/2021;84;10;SB;W;0.87503766624533;0.00897420589841433;1.74110112659224;185.124833811591;1.73212692069383;106.877176031325;-0.0579732522457746;2.26746468165895;2.02888497011074;28.4532949756888;0
15/06/2021;84;10;SB;W;169.767563142226;1.74110112659224;337.794025157861;1114.57794430002;336.052924031269;3.31667384687392;2.22985471480048;3.04711044481782;0.520702766223353;28.4532949756888;2.28782796704625
15/06/2021;84;10;SB;W;32936.8970125789;337.794025157861;65536;3251.93334584696;65198.2059748421;0.0498776507301715;4.51768268184674;3.51214163537605;-1.30209401026467;28.4532949756888;4.57565593409251
15/06/2021;84;11;LB;W;2.32472086564697e-05;2.38418579101562e-07;4.62559987338378e-05;918.696224042424;4.60175801547362e-05;19964027.2468319;-4.63362918633829;2.96317193137372;7.30024815391802;29.0681180828896;-4.57565593409251
15/06/2021;84;11;LB;W;0.00451023094857409;4.62559987338378e-05;0.00897420589841433;119.408796778182;0.00892794989968049;13374.7162696842;-2.34580121929203;2.07703632219952;4.12628457769756;29.0681180828896;-2.28782796704626
15/06/2021;84;11;LB;W;0.87503766624533;0.00897420589841433;1.74110112659224;118.379751442207;1.73212692069383;68.3435780761311;-0.0579732522457746;2.07327742376397;1.83469771221576;29.0681180828896;0
15/06/2021;84;11;LB;W;169.767563142226;1.74110112659224;337.794025157861;743.499939280854;336.052924031269;2.21244895108151;2.22985471480048;2.8712809373906;0.344873258796132;29.0681180828896;2.28782796704625
15/06/2021;84;11;LB;W;32936.8970125789;337.794025157861;65536;1254.10005551092;65198.2059748421;0.0192351926983211;4.51768268184674;3.0983321870711;-1.71590345856963;29.0681180828896;4.57565593409251
15/06/2021;84;12;SB;NW;2.32472086564697e-05;2.38418579101562e-07;4.62559987338378e-05;2950.83981973333;4.60175801547362e-05;64124184.9269561;-4.63362918633829;3.46994563535764;7.80702185790194;25.3473705419176;-4.57565593409251
15/06/2021;84;12;SB;NW;0.00451023094857409;4.62559987338378e-05;0.00897420589841433;198.17364912;0.00892794989968049;22196.9938616134;-2.34580121929203;2.29704590644294;4.34629416194098;25.3473705419176;-2.28782796704626
15/06/2021;84;12;SB;NW;0.87503766624533;0.00897420589841433;1.74110112659224;2839.98581233896;1.73212692069383;1639.59452301646;-0.0579732522457746;3.45331617045609;3.21473645890788;25.3473705419176;0
15/06/2021;84;12;SB;NW;169.767563142226;1.74110112659224;337.794025157861;2446.36543324831;336.052924031269;7.27970286317367;2.22985471480048;3.38852133160014;0.86211365300567;25.3473705419176;2.28782796704625
15/06/2021;84;12;SB;NW;32936.8970125789;337.794025157861;65536;109.587102861758;65198.2059748421;0.00168083003547742;4.51768268184674;2.03975944570352;-2.77447619993721;25.3473705419176;4.57565593409251
15/06/2021;84;13;LB;W;2.32472086564697e-05;2.38418579101562e-07;4.62559987338378e-05;1232.50676843939;4.60175801547362e-05;26783389.3980308;-4.63362918633829;3.09078931292923;7.42786553547354;28.7352489002084;-4.57565593409251
15/06/2021;84;13;LB;W;0.00451023094857409;4.62559987338378e-05;0.00897420589841433;83.4055272363636;0.00892794989968049;9342.06936346591;-2.34580121929203;1.92119483203718;3.97044308753522;28.7352489002084;-2.28782796704626
15/06/2021;84;13;LB;W;0.87503766624533;0.00897420589841433;1.74110112659224;319.876651069146;1.73212692069383;184.672755355026;-0.0579732522457746;2.50498254054704;2.26640282899883;28.7352489002084;0
15/06/2021;84;13;LB;W;169.767563142226;1.74110112659224;337.794025157861;567.058342279749;336.052924031269;1.68740785075563;2.22985471480048;2.75362774394875;0.227220065354284;28.7352489002084;2.28782796704625
15/06/2021;84;13;LB;W;32936.8970125789;337.794025157861;65536;3729.31358470928;65198.2059748421;0.0571996350045015;4.51768268184674;3.57162890317437;-1.24260674246636;28.7352489002084;4.57565593409251
15/06/2021;84;14;SB;NW;2.32472086564697e-05;2.38418579101562e-07;4.62559987338378e-05;3195.98377748121;4.60175801547362e-05;69451365.4723818;-4.63362918633829;3.50460456620883;7.84168078875313;25.4704946734599;-4.57565593409251
15/06/2021;84;14;SB;NW;0.00451023094857409;4.62559987338378e-05;0.00897420589841433;123.276262727273;0.00892794989968049;13807.9026106189;-2.34580121929203;2.09087945973433;4.14012771523238;25.4704946734599;-2.28782796704626
15/06/2021;84;14;SB;NW;0.87503766624533;0.00897420589841433;1.74110112659224;782.957361197349;1.73212692069383;452.020779680351;-0.0579732522457746;2.89373811160976;2.65515840006155;25.4704946734599;0
15/06/2021;84;14;SB;NW;169.767563142226;1.74110112659224;337.794025157861;2790.1554843232;336.052924031269;8.30272640051061;2.22985471480048;3.44562840546072;0.919220726866253;25.4704946734599;2.28782796704625
15/06/2021;84;14;SB;NW;32936.8970125789;337.794025157861;65536;972.57740517556;65198.2059748421;0.0149172418264215;4.51768268184674;2.98792417586185;-1.82631146977887;25.4704946734599;4.57565593409251
15/06/2021;84;15;SB;W;2.32472086564697e-05;2.38418579101562e-07;4.62559987338378e-05;2250.28055253939;4.60175801547362e-05;48900453.8042357;-4.63362918633829;3.35223666692208;7.68931288946638;28.9425758277379;-4.57565593409251
15/06/2021;84;15;SB;W;0.00451023094857409;4.62559987338378e-05;0.00897420589841433;66.6996968145454;0.00892794989968049;7470.88610084298;-2.34580121929203;1.82412385982256;3.8733721153206;28.9425758277379;-2.28782796704626
15/06/2021;84;15;SB;W;0.87503766624533;0.00897420589841433;1.74110112659224;152.469559840664;1.73212692069383;88.0244732756596;-0.0579732522457746;2.18318314654963;1.94460343500142;28.9425758277379;0
15/06/2021;84;15;SB;W;169.767563142226;1.74110112659224;337.794025157861;696.124819431677;336.052924031269;2.0714737758595;2.22985471480048;2.84268711824587;0.3162794396514;28.9425758277379;2.28782796704625
15/06/2021;84;15;SB;W;32936.8970125789;337.794025157861;65536;1222.27092653866;65198.2059748421;0.0187470024406852;4.51768268184674;3.0871674815689;-1.72706816407183;28.9425758277379;4.57565593409251
15/06/2021;84;16;NF;W;2.32472086564697e-05;2.38418579101562e-07;4.62559987338378e-05;3600.09674362424;4.60175801547362e-05;78233073.7843831;-4.63362918633829;3.55631417150552;7.89339039404982;28.8895123871267;-4.57565593409251
15/06/2021;84;16;NF;W;0.00451023094857409;4.62559987338378e-05;0.00897420589841433;62.84953192;0.00892794989968049;7039.63761291371;-2.34580121929203;1.79830204756982;3.84755030306787;28.8895123871267;-2.28782796704626
15/06/2021;84;16;NF;W;0.87503766624533;0.00897420589841433;1.74110112659224;196.121522069466;1.73212692069383;113.225837972027;-0.0579732522457746;2.292525255081;2.05394554353279;28.8895123871267;0
15/06/2021;84;16;NF;W;169.767563142226;1.74110112659224;337.794025157861;481.459248300559;336.052924031269;1.4326887637965;2.22985471480048;2.68255953343941;0.156151854844939;28.8895123871267;2.28782796704625
15/06/2021;84;16;NF;W;32936.8970125789;337.794025157861;65536;35.8985343521219;65198.2059748421;0.000550606167997537;4.51768268184674;1.55507671777666;-3.25915892786406;28.8895123871267;4.57565593409251
15/06/2021;84;17;LB;NW;2.32472086564697e-05;2.38418579101562e-07;4.62559987338378e-05;1215.91565994242;4.60175801547362e-05;26422850.9159728;-4.63362918633829;3.08490345183481;7.42197967437912;25.0787737902292;-4.57565593409251
15/06/2021;84;17;LB;NW;0.00451023094857409;4.62559987338378e-05;0.00897420589841433;131.71999324;0.00892794989968049;14753.666263821;-2.34580121929203;2.11965169975145;4.1688999552495;25.0787737902292;-2.28782796704626
15/06/2021;84;17;LB;NW;0.87503766624533;0.00897420589841433;1.74110112659224;556.773250414173;1.73212692069383;321.439060707601;-0.0579732522457746;2.74567836188163;2.50709865033342;25.0787737902292;0
15/06/2021;84;17;LB;NW;169.767563142226;1.74110112659224;337.794025157861;1711.22378343409;336.052924031269;5.09212585597042;2.22985471480048;3.23330680764482;0.706899129050353;25.0787737902292;2.28782796704625
15/06/2021;84;17;LB;NW;32936.8970125789;337.794025157861;65536;4425.39381559167;65198.2059748421;0.0678760059333425;4.51768268184674;3.64595192459951;-1.16828372104122;25.0787737902292;4.57565593409251
15/06/2021;84;18;NF;NW;2.32472086564697e-05;2.38418579101562e-07;4.62559987338378e-05;2292.76196478788;4.60175801547362e-05;49823609.9568548;-4.63362918633829;3.36035896849127;7.69743519103557;25.2757256309331;-4.57565593409251
15/06/2021;84;18;NF;NW;0.00451023094857409;4.62559987338378e-05;0.00897420589841433;43.0506978836364;0.00892794989968049;4822.0138293089;-2.34580121929203;1.63398019608133;3.68322845157937;25.2757256309331;-2.28782796704626
15/06/2021;84;18;NF;NW;0.87503766624533;0.00897420589841433;1.74110112659224;2013.41331942854;1.73212692069383;1162.39364181353;-0.0579732522457746;3.30393293729374;3.06535322574553;25.2757256309331;0
15/06/2021;84;18;NF;NW;169.767563142226;1.74110112659224;337.794025157861;2683.66435528843;336.052924031269;7.98583843013584;2.22985471480048;3.42872819787499;0.902320519280524;25.2757256309331;2.28782796704625
15/06/2021;84;18;NF;NW;32936.8970125789;337.794025157861;65536;5805.69406261139;65198.2059748421;0.0890468376515086;4.51768268184674;3.76385414647664;-1.05038149916409;25.2757256309331;4.57565593409251
15/06/2021;84;19;NF;W;2.32472086564697e-05;2.38418579101562e-07;4.62559987338378e-05;791.351607048485;4.60175801547362e-05;17196723.608402;-4.63362918633829;2.8983694886462;7.2354457111905;28.6730787219264;-4.57565593409251
15/06/2021;84;19;NF;W;0.00451023094857409;4.62559987338378e-05;0.00897420589841433;86.4870488327273;0.00892794989968049;9687.22380888611;-2.34580121929203;1.93695107808222;3.98619933358027;28.6730787219264;-2.28782796704626
15/06/2021;84;19;NF;W;0.87503766624533;0.00897420589841433;1.74110112659224;314.239342591439;1.73212692069383;181.418196806021;-0.0579732522457746;2.49726055753631;2.2586808459881;28.6730787219264;0
15/06/2021;84;19;NF;W;169.767563142226;1.74110112659224;337.794025157861;1768.85630264568;336.052924031269;5.2636241977204;2.22985471480048;3.24769255337164;0.721284874777173;28.6730787219264;2.28782796704625
15/06/2021;84;19;NF;W;32936.8970125789;337.794025157861;65536;3405.1078805925;65198.2059748421;0.0522270180548591;4.51768268184674;3.53213087578003;-1.28210476986069;28.6730787219264;4.57565593409251
15/06/2021;84;20;LB;NW;2.32472086564697e-05;2.38418579101562e-07;4.62559987338378e-05;1453.17844307879;4.60175801547362e-05;31578767.0319128;-4.63362918633829;3.162318946773;7.4993951693173;25.2624292660338;-4.57565593409251
15/06/2021;84;20;LB;NW;0.00451023094857409;4.62559987338378e-05;0.00897420589841433;156.319834261818;0.00892794989968049;17509.0402632538;-2.34580121929203;2.194014085914;4.24326234141205;25.2624292660338;-2.28782796704626
15/06/2021;84;20;LB;NW;0.87503766624533;0.00897420589841433;1.74110112659224;839.904241917957;1.73212692069383;484.897631855709;-0.0579732522457746;2.92422977466041;2.68565006311221;25.2624292660338;0
15/06/2021;84;20;LB;NW;169.767563142226;1.74110112659224;337.794025157861;2365.60342721537;336.052924031269;7.03937760409209;2.22985471480048;3.37394194071135;0.847534262116883;25.2624292660338;2.28782796704625
15/06/2021;84;20;LB;NW;32936.8970125789;337.794025157861;65536;1528.0349450383;65198.2059748421;0.0234367636684347;4.51768268184674;3.18413328634947;-1.63010235929126;25.2624292660338;4.57565593409251
15/06/2021;84;21;NF;NW;2.32472086564697e-05;2.38418579101562e-07;4.62559987338378e-05;1256.3422029697;4.60175801547362e-05;27301353.0643113;-4.63362918633829;3.09910794881155;7.43618417135586;25.2170213012271;-4.57565593409251
15/06/2021;84;21;NF;NW;0.00451023094857409;4.62559987338378e-05;0.00897420589841433;754.176846305455;0.00892794989968049;84473.6871039615;-2.34580121929203;2.87747319516569;4.92672145066374;25.2170213012271;-2.28782796704626
15/06/2021;84;21;NF;NW;0.87503766624533;0.00897420589841433;1.74110112659224;139.775769560107;1.73212692069383;80.6960320806734;-0.0579732522457746;2.14543189202202;1.90685218047381;25.2170213012271;0
15/06/2021;84;21;NF;NW;169.767563142226;1.74110112659224;337.794025157861;1921.7881603661;336.052924031269;5.71870685519546;2.22985471480048;3.28370551348106;0.757297834886595;25.2170213012271;2.28782796704625
15/06/2021;84;21;NF;NW;32936.8970125789;337.794025157861;65536;1213.45988765152;65198.2059748421;0.0186118600889072;4.51768268184674;3.08402542478866;-1.73021022085207;25.2170213012271;4.57565593409251
15/06/2021;84;22;LB;W;2.32472086564697e-05;2.38418579101562e-07;4.62559987338378e-05;978.787385512121;4.60175801547362e-05;21269857.78524;-4.63362918633829;2.99068836358353;7.32776458612783;28.7223959249826;-4.57565593409251
15/06/2021;84;22;LB;W;0.00451023094857409;4.62559987338378e-05;0.00897420589841433;191.774893807273;0.00892794989968049;21480.2833754853;-2.34580121929203;2.28279175093347;4.33204000643151;28.7223959249826;-2.28782796704626
15/06/2021;84;22;LB;W;0.87503766624533;0.00897420589841433;1.74110112659224;478.314833754598;1.73212692069383;276.143063213291;-0.0579732522457746;2.6797138496528;2.44113413810459;28.7223959249826;0
15/06/2021;84;22;LB;W;169.767563142226;1.74110112659224;337.794025157861;2458.93122205706;336.052924031269;7.31709515441759;2.22985471480048;3.39074638140288;0.864338702808408;28.7223959249826;2.28782796704625
15/06/2021;84;22;LB;W;32936.8970125789;337.794025157861;65536;1998.29800325894;65198.2059748421;0.0306495857267915;4.51768268184674;3.30066025442063;-1.5135753912201;28.7223959249826;4.57565593409251
15/06/2021;84;23;SB;NW;2.32472086564697e-05;2.38418579101562e-07;4.62559987338378e-05;311.145552236364;4.60175801547362e-05;6761449.67184546;-4.63362918633829;2.49296359721183;6.83003981975613;25.3154093540171;-4.57565593409251
15/06/2021;84;23;SB;NW;0.00451023094857409;4.62559987338378e-05;0.00897420589841433;559.077703490909;0.00892794989968049;62621.0619204883;-2.34580121929203;2.74747217255925;4.79672042805729;25.3154093540171;-2.28782796704626
15/06/2021;84;23;SB;NW;0.87503766624533;0.00897420589841433;1.74110112659224;57.7321921837608;1.73212692069383;33.3302320367121;-0.0579732522457746;1.76141804866847;1.52283833712026;25.3154093540171;0
15/06/2021;84;23;SB;NW;169.767563142226;1.74110112659224;337.794025157861;1838.24756613089;336.052924031269;5.47011329072634;2.22985471480048;3.26440399963134;0.737996321036867;25.3154093540171;2.28782796704625
15/06/2021;84;23;SB;NW;32936.8970125789;337.794025157861;65536;3124.17910506874;65198.2059748421;0.0479181759429739;4.51768268184674;3.49473592344897;-1.31949972219175;25.3154093540171;4.57565593409251
15/06/2021;84;24;SB;W;2.32472086564697e-05;2.38418579101562e-07;4.62559987338378e-05;197.48657109697;4.60175801547362e-05;4291546.19675593;-4.63362918633829;2.29553756934593;6.63261379189023;27.9096846492244;-4.57565593409251
15/06/2021;84;24;SB;W;0.00451023094857409;4.62559987338378e-05;0.00897420589841433;427.682261192727;0.00892794989968049;47903.747892675;-2.34580121929203;2.63112123757064;4.68036949306868;27.9096846492244;-2.28782796704626
15/06/2021;84;24;SB;W;0.87503766624533;0.00897420589841433;1.74110112659224;11.5090326441696;1.73212692069383;6.64445111190784;-0.0579732522457746;1.06103882189612;0.822459110347915;27.9096846492244;0
15/06/2021;84;24;SB;W;169.767563142226;1.74110112659224;337.794025157861;787.215377747899;336.052924031269;2.34253393276427;2.22985471480048;2.89609356917052;0.369685890576055;27.9096846492244;2.28782796704625
15/06/2021;84;24;SB;W;32936.8970125789;337.794025157861;65536;149.01606958383;65198.2059748421;0.00228558542916549;4.51768268184674;2.17323310435371;-2.64100254128702;27.9096846492244;4.57565593409251
18/05/2021;56;22;LB;W;32936.8970125789;337.794025157861;65536;0;65198.2059748421;0;4.51768268184674;NA;NA;22.8464758045844;4.57565593409251
